episode,episode_reward,eps,step
0.0,0.0,0.9326125000000007,600
1.0,-0.0625,0.8025624999999991,1156
