episode,episode_reward,step
0.0,0.03052775313456853,50
0.0,0.08187459707260132,100
0.0,-0.07087132334709167,150
0.0,-0.110626220703125,200
0.0,0.02870829900105794,250
0.0,-0.002869352698326111,300
0.0,-0.0005806758999824524,350
0.0,-0.18008393794298172,400
